Workbook

Sheet Febrero
N5: 4741 7438 4848 9465
N6: Banregio
E7: Departamento | N7: Carlos Retes
D8: Carlos Retes | E8: 1 | F8: 72 | G8: 71
D9: Mayte | E9: 2 | F9: 173 | G9: 30 a favor
D10: Atilio | E10: 3 | F10: 72 | G10: 71
C11: 500 | D11: Raul | E11: 4 | F11: 143
C12: 59 | D12: Modesto | E12: 5 | F12: 73 | G12: 71
D13: Jaqui Ibarra | E13: 6 | F13: 143
D14: Sandra | E14: 7 | F14: 143
D15: Jobe | E15: 8 | F15: 143
D16: Martha | E16: 9 | F16: 72 | G16: 71
D17: Scott | E17: 10 | F17: 72
D18: Sandra | E18: 11 | F18: 72 | G18: 71
D19: Kelyn Vasquez | E19: 12 | F19: 72 | G19: 71
D20: José Cardenas

Sheet Marzo
F3: Dep | J3: A favor | L3: A favor | M3: A favor
E4: Carlos Retes | F4: 1 | G4: 82 | H4: 🏦 | I4: ⭐
E5: Mayte | F5: 2 | G5: 100 | H5: 💵 | I5: ⭐ | J5: 18
E6: Atilio | F6: 3 | G6: 82 | H6: _xDCB3_💳 | I6: ⭐
A7: 500 | E7: Raul | F7: 4 | G7: 82 | H7: 💵 | I7: ⭐ | J7: =500-82-72 -> 346
A8: 59 | E8: Modesto | F8: 5 | J8: 59
E9: Jaqui Ibarra | F9: 6 | G9: 82 | H9: _xDCB3_💳 | I9: ⭐
E10: Sra. Carmen | F10: 7 | G10: 82 | H10: _xDCB3_💳 | I10: ⭐
E11: Jobe | F11: 8 | G11: 82 | H11: _xDCB3_💳 | I11: ⭐
E12: Martha | F12: 9 | G12: 82 | H12: _xDCB3_💳 | I12: ⭐
E13: Scott | F13: 10
E14: Sandra | F14: 11 | G14: 82 | H14: _xDCB3_💳 | I14: ⭐
E15: Kelyn Vasquez | F15: 12 | G15: 82 | H15: _xDCB3_💳 | I15: ⭐

Sheet Marzo2.0
D3: Dep | H3: A favor | K3: Saldo
B4: Carlos Retes | D4: 1 | E4: 82 | F4: 🏦 | G4: ⭐ | J4: 82 | K4: 0
B5: Mayte | D5: 2 | E5: 82 | F5: 💵 | G5: ⭐ | J5: 82 | K5: 0
B6: Atilio | D6: 3 | E6: 82 | F6: _xDCB3_💳 | G6: ⭐ | J6: 82 | K6: 0
B7: Raul | D7: 4 | E7: 82 | F7: 💵 | G7: ⭐ | H7: 346 | J7: 82 | K7: 346
B8: Modesto | D8: 5 | E8: 82 | J8: 82 | K8: 0
B9: Jaqui Ibarra | D9: 6 | E9: 82 | F9: _xDCB3_💳 | G9: ⭐ | J9: 82 | K9: 0
B10: Sra. Carmen | D10: 7 | E10: 82 | F10: _xDCB3_💳 | G10: ⭐ | J10: 82 | K10: 0
B11: Jobe | D11: 8 | E11: 82 | F11: _xDCB3_💳 | G11: ⭐ | J11: 82 | K11: 0
B12: Martha | D12: 9 | E12: 82 | F12: _xDCB3_💳 | G12: ⭐ | J12: 82 | K12: 0
B13: Scott | D13: 10 | E13: 82 | J13: 82 | K13: 0
B14: Sandra | D14: 11 | E14: 82 | F14: _xDCB3_💳 | G14: ⭐ | J14: 82 | K14: 0
B15: Kelyn Vasquez | D15: 12 | E15: 82 | F15: _xDCB3_💳 | G15: ⭐ | J15: 82 | K15: 0

Sheet Abril
K2: Saldo
D3: Dep | H3: A favor | K3: Anterior | L3: Actual
B4: Carlos Retes | D4: 1 | E4: 75 | F4: 🏦 | G4: ⭐ | J4: 75 | K4: =Marzo2.0!K4 -> 0 | L4: =E4-J4+H4 -> 0
B5: Mayte | D5: 2 | E5: 75 | F5: 💵 | G5: ⭐ | J5: 75 | K5: =Marzo2.0!K5 -> 0 | L5: =E5-J5+H5 -> 0
B6: Atilio | D6: 3 | E6: 75 | F6: _xDCB3_💳 | G6: ⭐ | J6: 75 | K6: =Marzo2.0!K6 -> 0 | L6: =E6-J6+H6 -> 0
B7: Raul | D7: 4 | E7: 75 | F7: 💵 | G7: ⭐ | H7: =K7-E7 -> 271 | J7: 75 | K7: =Marzo2.0!K7 -> 346 | L7: =E7-J7+H7 -> 271
B8: Modesto | D8: 5 | E8: 75 | F8: _xDCB3_💳 | G8: ⭐ | J8: 75 | K8: =Marzo2.0!K8 -> 0 | L8: =E8-J8+H8 -> 0
B9: Jaqui Ibarra | D9: 6 | E9: 75 | F9: _xDCB3_💳 | G9: ⭐ | J9: 75 | K9: =Marzo2.0!K9 -> 0 | L9: =E9-J9+H9 -> 0
B10: Sra. Carmen | D10: 7 | E10: 75 | F10: _xDCB3_💳 | G10: ⭐ | J10: 75 | K10: =Marzo2.0!K10 -> 0 | L10: =E10-J10+H10 -> 0
B11: Jobe | D11: 8 | E11: 75 | F11: _xDCB3_💳 | G11: ⭐ | J11: 75 | K11: =Marzo2.0!K11 -> 0 | L11: =E11-J11+H11 -> 0
B12: Martha | D12: 9 | E12: 75 | F12: _xDCB3_💳 | G12: ⭐ | J12: 75 | K12: =Marzo2.0!K12 -> 0 | L12: =E12-J12+H12 -> 0
B13: Scott | D13: 10 | E13: 75 | F13: 💵 | G13: ⭐ | J13: 75 | K13: =Marzo2.0!K13 -> 0 | L13: =E13-J13+H13 -> 0
B14: Sandra | D14: 11 | E14: 75 | F14: _xDCB3_💳 | G14: ⭐ | J14: 75 | K14: =Marzo2.0!K14 -> 0 | L14: =E14-J14+H14 -> 0
B15: Kelyn Vasquez | D15: 12 | E15: 75 | F15: _xDCB3_💳 | G15: ⭐ | J15: 75 | K15: =Marzo2.0!K15 -> 0 | L15: =E15-J15+H15 -> 0

Sheet Mayo
K2: Saldo
D3: Dep | H3: A favor | K3: Anterior | L3: Actual
B4: Carlos Retes | D4: 1 | E4: 90 | F4: 🏦 | G4: ⭐ | H4: =IF(K4>0, (K4-E4), 0) -> 0 | J4: 90 | K4: =Abril!L4 -> 0 | L4: =E4-J4+H4-IF(K4<0, (K4*-1),0) -> 0
B5: Mayte | D5: 2 | E5: 90 | F5: 💵 | G5: ⭐ | H5: 20 | J5: 90 | K5: =Abril!L5 -> 0 | L5: =E5-J5+H5-IF(K5<0, (K5*-1),0) -> 20
B6: Atilio | D6: 3 | E6: 90 | F6: _xDCB3_💳 | G6: ⭐ | H6: =IF(K6>0, (K6-E6), 0) -> 0 | J6: 90 | K6: =Abril!L6 -> 0 | L6: =E6-J6+H6-IF(K6<0, (K6*-1),0) -> 0
B7: Raul | D7: 4 | E7: 90 | F7: 💵 | G7: ⭐ | H7: =IF(K7>0, (K7-E7), 0) -> 181 | J7: 90 | K7: =Abril!L7 -> 271 | L7: =E7-J7+H7-IF(K7<0, (K7*-1),0) -> 181
B8: Modesto | D8: 5 | E8: 90 | F8: _xDCB3_💳 | G8: ⭐ | H8: =IF(K8>0, (K8-E8), 0) -> 0 | J8: 90 | K8: =Abril!L8 -> 0 | L8: =E8-J8+H8-IF(K8<0, (K8*-1),0) -> 0
B9: Jaqui Ibarra | D9: 6 | E9: 90 | F9: _xDCB3_💳 | G9: ⭐ | H9: =IF(K9>0, (K9-E9), 0) -> 0 | J9: 90 | K9: =Abril!L9 -> 0 | L9: =E9-J9+H9-IF(K9<0, (K9*-1),0) -> 0
B10: Sra. Carmen | D10: 7 | E10: 90 | F10: _xDCB3_💳 | G10: ⭐ | H10: =IF(K10>0, (K10-E10), 0) -> 0 | J10: 90 | K10: =Abril!L10 -> 0 | L10: =E10-J10+H10-IF(K10<0, (K10*-1),0) -> 0
B11: Jobe | D11: 8 | E11: 90 | F11: _xDCB3_💳 | G11: ⭐ | H11: =IF(K11>0, (K11-E11), 0) -> 0 | J11: 90 | K11: =Abril!L11 -> 0 | L11: =E11-J11+H11-IF(K11<0, (K11*-1),0) -> 0
B12: Martha | D12: 9 | E12: 90 | F12: _xDCB3_💳 | G12: ⭐ | H12: =IF(K12>0, (K12-E12), 0) -> 0 | J12: 90 | K12: =Abril!L12 -> 0 | L12: =E12-J12+H12-IF(K12<0, (K12*-1),0) -> 0
B13: Scott | D13: 10 | E13: 90 | F13: 💵 | G13: ⭐ | H13: =IF(K13>0, (K13-E13), 0) -> 0 | J13: 90 | K13: =Abril!L13 -> 0 | L13: =E13-J13+H13-IF(K13<0, (K13*-1),0) -> 0
B14: Sandra | D14: 11 | E14: 90 | F14: _xDCB3_💳 | G14: ⭐ | H14: =IF(K14>0, (K14-E14), 0) -> 0 | J14: 90 | K14: =Abril!L14 -> 0 | L14: =E14-J14+H14-IF(K14<0, (K14*-1),0) -> 0
B15: Kelyn Vasquez | D15: 12 | E15: 90 | F15: _xDCB3_💳 | G15: ⭐ | H15: =IF(K15>0, (K15-E15), 0) -> 0 | J15: 90 | K15: =Abril!L15 -> 0 | L15: =E15-J15+H15-IF(K15<0, (K15*-1),0) -> 0

Sheet Junio
K2: Saldo
D3: Dep | H3: A favor | K3: Anterior | L3: Actual
B4: Carlos Retes | D4: 1 | E4: 78 | F4: 🏦 | G4: ⭐ | H4: =IF(K4>0, (K4-E4), 0) -> 0 | J4: 78 | K4: =Mayo!L4 -> 0 | L4: =E4-J4+H4-IF(K4<0, (K4*-1),0) -> 0
B5: Mayte | D5: 2 | E5: 77 | F5: 💵 | G5: ⭐ | H5: 43 | J5: 77 | K5: =Mayo!L5 -> 20 | L5: =E5-J5+H5-IF(K5<0, (K5*-1),0) -> 43
B6: Atilio | D6: 3 | E6: 77 | F6: _xDCB3_💳 | G6: ⭐ | H6: =IF(K6>0, (K6-E6), 0) -> 0 | J6: 77 | K6: =Mayo!L6 -> 0 | L6: =E6-J6+H6-IF(K6<0, (K6*-1),0) -> 0
B7: Raul | D7: 4 | E7: 77 | F7: 💵 | G7: ⭐ | H7: =IF(K7>0, (K7-E7), 0) -> 104 | J7: 77 | K7: =Mayo!L7 -> 181 | L7: =E7-J7+H7-IF(K7<0, (K7*-1),0) -> 104
B8: Modesto | D8: 5 | E8: 78 | F8: _xDCB3_💳 | G8: ⭐ | H8: =IF(K8>0, (K8-E8), 0) -> 0 | J8: 78 | K8: =Mayo!L8 -> 0 | L8: =E8-J8+H8-IF(K8<0, (K8*-1),0) -> 0
B9: Jaqui Ibarra | D9: 6 | E9: 78 | F9: _xDCB3_💳 | G9: ⭐ | H9: =IF(K9>0, (K9-E9), 0) -> 0 | J9: 78 | K9: =Mayo!L9 -> 0 | L9: =E9-J9+H9-IF(K9<0, (K9*-1),0) -> 0
B10: Sra. Carmen | D10: 7 | E10: 78 | F10: _xDCB3_💳 | G10: ⭐ | H10: =IF(K10>0, (K10-E10), 0) -> 0 | J10: 78 | K10: =Mayo!L10 -> 0 | L10: =E10-J10+H10-IF(K10<0, (K10*-1),0) -> 0
B11: Jobe | D11: 8 | E11: 77 | F11: _xDCB3_💳 | G11: ⭐ | H11: =IF(K11>0, (K11-E11), 0) -> 0 | J11: 77 | K11: =Mayo!L11 -> 0 | L11: =E11-J11+H11-IF(K11<0, (K11*-1),0) -> 0
B12: Martha | D12: 9 | E12: 77 | F12: _xDCB3_💳 | G12: ⭐ | H12: =IF(K12>0, (K12-E12), 0) -> 0 | J12: 77 | K12: =Mayo!L12 -> 0 | L12: =E12-J12+H12-IF(K12<0, (K12*-1),0) -> 0
B13: Scott | D13: 10 | E13: 77 | H13: =IF(K13>0, (K13-E13), 0) -> 0 | J13: 77 | K13: =Mayo!L13 -> 0 | L13: =E13-J13+H13-IF(K13<0, (K13*-1),0) -> 0
B14: Sandra | D14: 11 | E14: 78 | F14: _xDCB3_💳 | G14: ⭐ | H14: =IF(K14>0, (K14-E14), 0) -> 0 | J14: 78 | K14: =Mayo!L14 -> 0 | L14: =E14-J14+H14-IF(K14<0, (K14*-1),0) -> 0
B15: Kelyn Vasquez | D15: 12 | E15: 78 | F15: _xDCB3_💳 | G15: ⭐ | H15: =IF(K15>0, (K15-E15), 0) -> 0 | J15: 78 | K15: =Mayo!L15 -> 0 | L15: =E15-J15+H15-IF(K15<0, (K15*-1),0) -> 0

Sheet Julio
K2: Saldo
D3: Dep | H3: A favor | K3: Anterior | L3: Actual
B4: Carlos Retes | D4: 1 | E4: 81 | F4: 🏦 | G4: ⭐ | H4: =IF(K4>0, (K4-E4), 0) -> 0 | J4: 81 | K4: =Junio!L4 -> 0 | L4: =E4-J4+H4-IF(K4<0, (K4*-1),0) -> 0
B5: Mayte | D5: 2 | E5: 81 | F5: 💵 | G5: ⭐ | H5: 12 | J5: 81 | K5: =Junio!L5 -> 43 | L5: =E5-J5+H5-IF(K5<0, (K5*-1),0) -> 12
B6: Atilio | D6: 3 | E6: 81 | F6: _xDCB3_💳 | G6: ⭐ | H6: =IF(K6>0, (K6-E6), 0) -> 0 | J6: 81 | K6: =Junio!L6 -> 0 | L6: =E6-J6+H6-IF(K6<0, (K6*-1),0) -> 0
B7: Raul | D7: 4 | E7: 81 | F7: 💵 | G7: ⭐ | H7: =IF(K7>0, (K7-E7), 0) -> 23 | J7: 81 | K7: =Junio!L7 -> 104 | L7: =E7-J7+H7-IF(K7<0, (K7*-1),0) -> 23
B8: Modesto | D8: 5 | E8: 81 | F8: _xDCB3_💳 | G8: ⭐ | H8: =IF(K8>0, (K8-E8), 0) -> 0 | J8: 81 | K8: =Junio!L8 -> 0 | L8: =E8-J8+H8-IF(K8<0, (K8*-1),0) -> 0
B9: Jaqui Ibarra | D9: 6 | E9: 81 | F9: _xDCB3_💳 | G9: ⭐ | H9: =IF(K9>0, (K9-E9), 0) -> 0 | J9: 81 | K9: =Junio!L9 -> 0 | L9: =E9-J9+H9-IF(K9<0, (K9*-1),0) -> 0
B10: Sra. Carmen | D10: 7 | E10: 81 | F10: _xDCB3_💳 | G10: ⭐ | H10: =IF(K10>0, (K10-E10), 0) -> 0 | J10: 81 | K10: =Junio!L10 -> 0 | L10: =E10-J10+H10-IF(K10<0, (K10*-1),0) -> 0
B11: Jobe | D11: 8 | E11: 81 | F11: _xDCB3_💳 | G11: ⭐ | H11: =IF(K11>0, (K11-E11), 0) -> 0 | J11: 81 | K11: =Junio!L11 -> 0 | L11: =E11-J11+H11-IF(K11<0, (K11*-1),0) -> 0
B12: Martha | D12: 9 | E12: 81 | F12: _xDCB3_💳 | G12: ⭐ | H12: =IF(K12>0, (K12-E12), 0) -> 0 | J12: 81 | K12: =Junio!L12 -> 0 | L12: =E12-J12+H12-IF(K12<0, (K12*-1),0) -> 0
B13: Scott | D13: 10 | E13: 81 | F13: _xDCB3_💳 | G13: ⭐ | H13: =IF(K13>0, (K13-E13), 0) -> 0 | J13: 81 | K13: =Junio!L13 -> 0 | L13: =E13-J13+H13-IF(K13<0, (K13*-1),0) -> 0
B14: Sandra | D14: 11 | E14: 81 | F14: _xDCB3_💳 | G14: ⭐ | H14: =IF(K14>0, (K14-E14), 0) -> 0 | J14: 81 | K14: =Junio!L14 -> 0 | L14: =E14-J14+H14-IF(K14<0, (K14*-1),0) -> 0
B15: Sebastian | D15: 12 | E15: 81 | F15: _xDCB3_💳 | G15: ⭐ | H15: =IF(K15>0, (K15-E15), 0) -> 0 | J15: 81 | K15: =Junio!L15 -> 0 | L15: =E15-J15+H15-IF(K15<0, (K15*-1),0) -> 0

Sheet Agosto
K2: Saldo
D3: Dep | H3: A favor | K3: Anterior | L3: Actual
B4: Carlos Retes | D4: 1 | E4: 78 | F4: 🏦 | G4: ⭐ | H4: =IF(K4>0, (K4-E4), 0) -> 0 | J4: 78 | K4: =Julio!L4 -> 0 | L4: =E4-J4+H4-IF(K4<0, (K4*-1),0) -> 0
B5: Mayte | D5: 2 | E5: 78 | F5: 💵 | G5: ⭐ | H5: 4 | J5: 78 | K5: =Julio!L5 -> 12 | L5: =E5-J5+H5-IF(K5<0, (K5*-1),0) -> 4
B6: Atilio | D6: 3 | E6: 78 | F6: _xDCB3_💳 | G6: ⭐ | H6: =IF(K6>0, (K6-E6), 0) -> 0 | J6: 78 | K6: =Julio!L6 -> 0 | L6: =E6-J6+H6-IF(K6<0, (K6*-1),0) -> 0
B7: Raul | D7: 4 | E7: 78 | F7: 💵 | G7: ⭐ | H7: 445 | J7: 78 | K7: =Julio!L7 -> 23 | L7: =E7-J7+H7-IF(K7<0, (K7*-1),0) -> 445
B8: Modesto | D8: 5 | E8: 78 | F8: _xDCB3_💳 | G8: ⭐ | H8: =IF(K8>0, (K8-E8), 0) -> 0 | J8: 78 | K8: =Julio!L8 -> 0 | L8: =E8-J8+H8-IF(K8<0, (K8*-1),0) -> 0
B9: Jaqui Ibarra | D9: 6 | E9: 78 | F9: _xDCB3_💳 | G9: ⭐ | H9: =IF(K9>0, (K9-E9), 0) -> 0 | J9: 78 | K9: =Julio!L9 -> 0 | L9: =E9-J9+H9-IF(K9<0, (K9*-1),0) -> 0
B10: Sra. Carmen | D10: 7 | E10: 78 | F10: _xDCB3_💳 | G10: ⭐ | H10: 41 | J10: 78 | K10: =Julio!L10 -> 0 | L10: =E10-J10+H10-IF(K10<0, (K10*-1),0) -> 41
B11: Jobe | D11: 8 | E11: 78 | F11: _xDCB3_💳 | G11: ⭐ | H11: =IF(K11>0, (K11-E11), 0) -> 0 | J11: 78 | K11: =Julio!L11 -> 0 | L11: =E11-J11+H11-IF(K11<0, (K11*-1),0) -> 0
B12: Martha | D12: 9 | E12: 78 | F12: _xDCB3_💳 | G12: ⭐ | H12: =IF(K12>0, (K12-E12), 0) -> 0 | J12: 78 | K12: =Julio!L12 -> 0 | L12: =E12-J12+H12-IF(K12<0, (K12*-1),0) -> 0
B13: Scott | D13: 10 | E13: 78 | F13: _xDCB3_💳 | G13: ⭐ | H13: =IF(K13>0, (K13-E13), 0) -> 0 | J13: 78 | K13: =Julio!L13 -> 0 | L13: =E13-J13+H13-IF(K13<0, (K13*-1),0) -> 0
B14: Sandra | D14: 11 | E14: 78 | F14: _xDCB3_💳 | G14: ⭐ | H14: =IF(K14>0, (K14-E14), 0) -> 0 | J14: 78 | K14: =Julio!L14 -> 0 | L14: =E14-J14+H14-IF(K14<0, (K14*-1),0) -> 0
B15: Sebastian | D15: 12 | E15: 78 | F15: _xDCB3_💳 | G15: ⭐ | H15: =IF(K15>0, (K15-E15), 0) -> 0 | J15: 78 | K15: =Julio!L15 -> 0 | L15: =E15-J15+H15-IF(K15<0, (K15*-1),0) -> 0

Sheet Septiembre
D2: Septiembre | K2: Saldo
D4: Dep | H4: A favor | K4: Anterior | L4: Actual
B5: Carlos Retes | D5: 1 | E5: 92 | F5: 🏦 | G5: ⭐ | H5: =IF(K5>0, (K5-E5), 0) -> 0 | J5: 92 | K5: =Agosto!L4 -> 0 | L5: =E5-J5+H5-IF(K5<0, (K5*-1),0) -> 0
B6: Mayte | D6: 2 | E6: 92 | F6: 💵 | G6: ⭐ | H6: 12 | J6: 92 | K6: =Agosto!L5 -> 4 | L6: =E6-J6+H6-IF(K6<0, (K6*-1),0) -> 12
B7: Atilio | D7: 3 | E7: 92 | F7: _xDCB3_💳 | G7: ⭐ | H7: =IF(K7>0, (K7-E7), 0) -> 0 | J7: 92 | K7: =Agosto!L6 -> 0 | L7: =E7-J7+H7-IF(K7<0, (K7*-1),0) -> 0
B8: Raul | D8: 4 | E8: 92 | F8: 💵 | G8: ⭐ | H8: 353 | J8: 92 | K8: =Agosto!L7 -> 445 | L8: =E8-J8+H8-IF(K8<0, (K8*-1),0) -> 353
B9: Modesto | D9: 5 | E9: 0 | H9: =IF(K9>0, (K9-E9), 0) -> 0 | J9: 0 | K9: =Agosto!L8 -> 0 | L9: =E9-J9+H9-IF(K9<0, (K9*-1),0) -> 0
B10: Jaqui Ibarra | D10: 6 | E10: 92 | F10: _xDCB3_💳 | G10: ⭐ | H10: =IF(K10>0, (K10-E10), 0) -> 0 | J10: 92 | K10: =Agosto!L9 -> 0 | L10: =E10-J10+H10-IF(K10<0, (K10*-1),0) -> 0
B11: Sra. Carmen | D11: 7 | E11: 0 | H11: 41 | J11: 92 | K11: =Agosto!L10 -> 41 | L11: =E11-J11+H11-IF(K11<0, (K11*-1),0) -> -51
B12: Jobe | D12: 8 | E12: 92 | F12: _xDCB3_💳 | G12: ⭐ | H12: =IF(K12>0, (K12-E12), 0) -> 0 | J12: 92 | K12: =Agosto!L11 -> 0 | L12: =E12-J12+H12-IF(K12<0, (K12*-1),0) -> 0
B13: Martha | D13: 9 | E13: 92 | F13: _xDCB3_💳 | G13: ⭐ | H13: =IF(K13>0, (K13-E13), 0) -> 0 | J13: 92 | K13: =Agosto!L12 -> 0 | L13: =E13-J13+H13-IF(K13<0, (K13*-1),0) -> 0
B14: Scott | D14: 10 | E14: 92 | F14: _xDCB3_💳 | G14: ⭐ | H14: =IF(K14>0, (K14-E14), 0) -> 0 | J14: 92 | K14: =Agosto!L13 -> 0 | L14: =E14-J14+H14-IF(K14<0, (K14*-1),0) -> 0
B15: Sandra | D15: 11 | E15: 92 | F15: _xDCB3_💳 | G15: ⭐ | H15: =IF(K15>0, (K15-E15), 0) -> 0 | J15: 92 | K15: =Agosto!L14 -> 0 | L15: =E15-J15+H15-IF(K15<0, (K15*-1),0) -> 0
B16: Sebastian | D16: 12 | E16: 92 | F16: _xDCB3_💳 | G16: ⭐ | H16: =IF(K16>0, (K16-E16), 0) -> 0 | J16: 92 | K16: =Agosto!L15 -> 0 | L16: =E16-J16+H16-IF(K16<0, (K16*-1),0) -> 0

Sheet Octubre
D2: Octubre | K2: Saldo
D4: Dep | H4: A favor | K4: Anterior | L4: Actual
B5: Carlos Retes | D5: 1 | E5: 86 | F5: 🏦 | G5: ⭐ | H5: =IF(K5>0, (K5-E5), 0) -> 0 | J5: 86 | K5: =Septiembre!L5 -> 0 | L5: =E5-J5+H5-IF(K5<0, (K5*-1),0) -> 0
B6: Mayte | D6: 2 | E6: 86 | F6: 💵 | G6: ⭐ | H6: 0 | J6: 86 | K6: =Septiembre!L6 -> 12 | L6: =E6-J6+H6-IF(K6<0, (K6*-1),0) -> 0
B7: Atilio | D7: 3 | E7: 86 | F7: _xDCB3_💳 | G7: ⭐ | H7: =IF(K7>0, (K7-E7), 0) -> 0 | J7: 86 | K7: =Septiembre!L7 -> 0 | L7: =E7-J7+H7-IF(K7<0, (K7*-1),0) -> 0
B8: Raul | D8: 4 | E8: 86 | F8: 💵 | G8: ⭐ | H8: 267 | J8: 86 | K8: =Septiembre!L8 -> 353 | L8: =E8-J8+H8-IF(K8<0, (K8*-1),0) -> 267
B9: Modesto | D9: 5 | E9: NA | H9: =IF(K9>0, (K9-E9), 0) -> 0 | J9: 0 | K9: =Septiembre!L9 -> 0 | L9: 0
B10: HUGO | D10: 6 | E10: 86 | F10: _xDCB3_💳 | G10: ⭐ | H10: =IF(K10>0, (K10-E10), 0) -> 0 | J10: 86 | K10: =Septiembre!L10 -> 0 | L10: =E10-J10+H10-IF(K10<0, (K10*-1),0) -> 0
B11: Sra. Carmen | D11: 7 | E11: 137 | F11: 💵 | G11: ⭐ | H11: 67 | J11: 137 | K11: 0 | L11: 86
B12: Jobe | D12: 8 | E12: 86 | F12: _xDCB3_💳 | G12: ⭐ | H12: =IF(K12>0, (K12-E12), 0) -> 0 | J12: 86 | K12: =Septiembre!L12 -> 0 | L12: =E12-J12+H12-IF(K12<0, (K12*-1),0) -> 0
B13: Martha | D13: 9 | E13: 86 | F13: _xDCB3_💳 | G13: ⭐ | H13: =IF(K13>0, (K13-E13), 0) -> 0 | J13: 86 | K13: =Septiembre!L13 -> 0 | L13: =E13-J13+H13-IF(K13<0, (K13*-1),0) -> 0
B14: Scott | D14: 10 | E14: 86 | F14: _xDCB3_💳 | G14: ⭐ | H14: =IF(K14>0, (K14-E14), 0) -> 0 | J14: 86 | K14: =Septiembre!L14 -> 0 | L14: =E14-J14+H14-IF(K14<0, (K14*-1),0) -> 0
B15: Sandra | D15: 11 | E15: 86 | F15: _xDCB3_💳 | G15: ⭐ | H15: =IF(K15>0, (K15-E15), 0) -> 0 | J15: 86 | K15: =Septiembre!L15 -> 0 | L15: =E15-J15+H15-IF(K15<0, (K15*-1),0) -> 0
B16: Sebastian | D16: 12 | E16: 86 | F16: _xDCB3_💳 | G16: ⭐ | H16: =IF(K16>0, (K16-E16), 0) -> 0 | J16: 86 | K16: =Septiembre!L16 -> 0 | L16: =E16-J16+H16-IF(K16<0, (K16*-1),0) -> 0

Sheet OCTUBRE PLOMERÍA
D2: Detección de fuga de agua | K2: Saldo
D4: Dep | H4: A favor | L4: Anterior | M4: Actual
B5: Carlos Retes | D5: 1 | E5: 150 | F5: 🏦 | G5: ⭐ | H5: 0 | K5: 150
B6: Mayte | D6: 2 | E6: 150 | F6: _xDCB3_💳 | G6: ⭐ | H6: 0 | K6: 150
B7: Atilio | D7: 3 | E7: 150 | F7: _xDCB3_💳 | G7: ⭐ | H7: 0 | K7: 150
B8: Raul | D8: 4 | E8: 150 | F8: 💵 | G8: ⭐ | H8: 317 | K8: 150
B9: Modesto | D9: 5 | E9: 150 | F9: _xDCB3_💳 | G9: ⭐ | H9: 0 | K9: 150
B10: HUGO | D10: 6 | E10: 150 | F10: _xDCB3_💳 | G10: ⭐ | H10: 0 | K10: 150
B11: Sra. Carmen | D11: 7 | E11: 150 | F11: 💵 | G11: ⭐ | H11: 107 | K11: 150
B12: Jobe | D12: 8 | E12: 150 | F12: _xDCB3_💳 | G12: ⭐ | H12: 0 | K12: 150
B13: Martha | D13: 9 | E13: 150 | F13: _xDCB3_💳 | G13: ⭐ | H13: 0 | K13: 150
B14: Scott | D14: 10 | E14: 150 | F14: _xDCB3_💳 | G14: ⭐ | H14: 0 | K14: 150
B15: Sandra | D15: 11 | E15: 150 | F15: _xDCB3_💳 | G15: ⭐ | H15: 0 | K15: 150
B16: Sebastian | D16: 12 | E16: 150 | F16: _xDCB3_💳 | G16: ⭐ | H16: 0 | K16: 150

Sheet OCTUBRE PLOMERÍA 2
D2: Reparación de fuga de agua | K2: Saldo
D4: Dep | H4: A favor | L4: Anterior | M4: Actual
B5: Carlos Retes | D5: 1 | E5: 810 | F5: 🏦 | G5: ⭐ | H5: 0 | K5: 810
B6: Mayte | D6: 2 | E6: 810 | F6: _xDCB3_💳 | G6: ⭐ | H6: 0 | K6: 810
B7: Atilio | D7: 3 | E7: 810 | F7: _xDCB3_💳 | G7: ⭐ | H7: 0 | K7: 810
B8: Raul | D8: 4 | E8: 810 | F8: 💵 | G8: ⭐ | H8: 507 | K8: 810
B9: Modesto | D9: 5 | E9: 810 | F9: _xDCB3_💳 | G9: ⭐ | H9: 0 | K9: 810
B10: HUGO | D10: 6 | E10: 810 | F10: _xDCB3_💳 | G10: ⭐ | H10: 0 | K10: 810
B11: Sra. Carmen | D11: 7 | E11: 810 | F11: 🏦 | G11: ⭐ | H11: 107 | K11: 810
B12: Jobe | D12: 8 | E12: 810 | F12: _xDCB3_💳 | G12: ⭐ | H12: 0 | K12: 810 | U12: <
B13: Martha | D13: 9 | E13: 810 | F13: _xDCB3_💳 | G13: ⭐ | H13: 0 | K13: 810
B14: Scott | D14: 10 | E14: 810 | F14: _xDCB3_💳 | G14: ⭐ | H14: 0 | K14: 810
B15: Sandra | D15: 11 | E15: 810 | F15: 🏦 | G15: ⭐ | H15: 0 | K15: 810
B16: Sebastian | D16: 12 | E16: 810 | F16: _xDCB3_💳 | G16: ⭐ | H16: 0 | K16: 810

Sheet Noviembre
D2: Agua Luz Noviembre | K2: Saldo
K3: =(68+939)/11 -> 91.545455
D4: Dep | H4: A favor | L4: Anterior | M4: Actual
B5: Carlos Retes | D5: 1 | E5: 91.5 | F5: 🏦 | G5: ⭐ | H5: 0 | K5: 91.5
B6: Mayte | D6: 2 | E6: 92 | F6: 💵 | G6: ⭐ | H6: 0 | K6: 91.5
B7: Atilio | D7: 3 | E7: 91.5 | F7: _xDCB3_💳 | G7: ⭐ | H7: 0 | K7: 91.5
B8: Raul | D8: 4 | E8: 91.5 | F8: 💵 | G8: ⭐ | H8: =507-91.5 -> 415.5 | K8: 91.5
B9: Modesto | D9: 5 | E9: 91.5 | F9: _xDCB3_💳 | G9: ⭐ | H9: 0 | K9: 91.5
B10: HUGO | D10: 6 | E10: 92 | F10: _xDCB3_💳 | G10: ⭐ | H10: 0 | K10: 91.5
B11: Sra. Carmen | D11: 7 | E11: 91.5 | F11: 💵 | G11: ⭐ | H11: =107-91.5 -> 15.5 | K11: 91.5
B12: Jobe | D12: 8 | E12: 91.5 | F12: _xDCB3_💳 | G12: ⭐ | H12: 0 | K12: 91.5 | U12: <
B13: Martha | D13: 9 | H13: 0 | K13: 0
B14: Scott | D14: 10 | E14: 91.5 | F14: _xDCB3_💳 | G14: ⭐ | H14: 0 | K14: 91.5
B15: Sandra | D15: 11 | E15: 91.5 | F15: _xDCB3_💳 | G15: ⭐ | H15: 0 | K15: 91.5
B16: Sebastian | D16: 12 | E16: 91.5 | F16: _xDCB3_💳 | G16: ⭐ | H16: 0 | K16: 91.5

Sheet Diciembre
D2: Agua Diciembre | K2: Saldo
D4: Dep | H4: A favor | L4: Anterior | M4: Actual
B5: Carlos Retes | D5: 1 | E5: 95.5 | F5: 🏦 | G5: ⭐ | H5: 0 | K5: 95.5
B6: Mayte | D6: 2 | E6: 95.5 | F6: 💵 | G6: ⭐ | H6: 0 | K6: 95.5
B7: Atilio | D7: 3 | E7: 95.5 | F7: _xDCB3_💳 | G7: ⭐ | H7: 0 | K7: 95.5
B8: Raul | D8: 4 | E8: 95.5 | F8: 💵 | G8: ⭐ | H8: =415-95.5 -> 319.5 | K8: 95.5
B9: Arturo | D9: 5 | E9: 95.5 | F9: _xDCB3_💳 | G9: ⭐ | H9: 0 | K9: 95.5
B10: HUGO | D10: 6 | H10: 0
B11: Sra. Carmen | D11: 7 | E11: 95.5 | F11: 💵 | G11: ⭐ | H11: =215.5-E11 -> 120 | K11: 95.5
B12: Jobe | D12: 8 | E12: 95.5 | F12: _xDCB3_💳 | G12: ⭐ | H12: 0 | K12: 95.5 | U12: <
B13: Martha | D13: 9 | H13: 0
B14: Scott | D14: 10 | E14: 95.5 | F14: _xDCB3_💳 | G14: ⭐ | H14: 0 | K14: 95.5
B15: Sandra | D15: 11 | E15: 95.5 | F15: _xDCB3_💳 | G15: ⭐ | H15: 0 | K15: 95.5
B16: Sebastian | D16: 12 | E16: 95.5 | F16: _xDCB3_💳 | G16: ⭐ | H16: 0 | K16: 95.5

Sheet Enero
D2: Luz y Agua Enero | K2: Saldo
D4: Dep | H4: A favor | K4: =(947+101)/10 -> 104.8 | L4: Anterior | M4: Actual
B5: Carlos Retes | D5: 1 | E5: 104 | F5: 🏦 | G5: ⭐ | H5: 0 | K5: 104
B6: Mayte | D6: 2 | E6: 104 | F6: 💵 | G6: ⭐ | H6: 5 | K6: 104
B7: Atilio | D7: 3 | E7: 104 | F7: _xDCB3_💳 | G7: ⭐ | H7: 0 | K7: 104
B8: Raul | D8: 4 | E8: 104 | F8: 💵 | G8: ⭐ | H8: =319-E8 -> 215 | K8: 104
B9: Arturo | D9: 5 | E9: 104 | F9: _xDCB3_💳 | G9: ⭐ | H9: 0 | K9: 104
B10: HUGO | D10: 6 | H10: 0
B11: Sra. Carmen | D11: 7 | E11: 104 | F11: 💵 | G11: ⭐ | H11: =120-E11 -> 16 | K11: 104
B12: Jobe | D12: 8 | E12: 104 | F12: _xDCB3_💳 | G12: ⭐ | H12: 0 | K12: 104 | U12: <
B13: Martha | D13: 9 | H13: 0
B14: Scott | D14: 10 | E14: 104 | F14: _xDCB3_💳 | G14: ⭐ | H14: 0 | K14: 104
B15: Sandra | D15: 11 | E15: 104 | F15: _xDCB3_💳 | G15: ⭐ | H15: 0 | K15: 104
B16: Sebastian | D16: 12 | E16: 104 | F16: _xDCB3_💳 | G16: ⭐ | H16: 0 | K16: 104

Sheet Febrero 2025
D2: Agua Febrero | K2: Saldo
D4: Dep | H4: A favor | K4: =SUM(K5:K16) -> 948 | L4: Anterior | M4: Actual
B5: Carlos Retes | D5: 1 | E5: 94.8 | F5: 🏦 | G5: ⭐ | H5: 0 | K5: 94.8
B6: Mayte | D6: 2 | E6: 94.8 | F6: 💵 | G6: ⭐ | H6: 6 | K6: 94.8
B7: Atilio | D7: 3 | E7: 94.8 | F7: _xDCB3_💳 | G7: ⭐ | H7: 0 | K7: 94.8
B8: Raul | D8: 4 | E8: 94.8 | F8: 💵 | G8: ⭐ | H8: 121 | K8: 94.8
B9: Arturo | D9: 5 | E9: 94.8 | F9: _xDCB3_💳 | G9: ⭐ | H9: 0 | K9: 94.8
B10: HUGO | D10: 6 | H10: 0
B11: Sra. Carmen | D11: 7 | E11: 94.8 | F11: ⭐ | G11: ⭐ | H11: 16 | K11: 94.8
B12: Jobe | D12: 8 | E12: 94.8 | F12: _xDCB3_💳 | G12: ⭐ | H12: 0 | K12: 94.8 | U12: <
B13: Martha | D13: 9 | H13: 0
B14: Scott | D14: 10 | E14: 94.8 | F14: 💵 | G14: ⭐ | H14: =200-E14 -> 105.2 | K14: 94.8
B15: Sandra | D15: 11 | E15: 94.8 | F15: _xDCB3_💳 | G15: ⭐ | H15: 0 | K15: 94.8
B16: Sebastian | D16: 12 | E16: 94.8 | H16: 0 | K16: 94.8

Sheet Marzo 25
D2: Agua y Luz Marzo | K2: Saldo
D4: Dep | H4: A favor | K4: 1040 | L4: Anterior | M4: Actual
B5: Carlos Retes | D5: 1 | E5: 94.8 | F5: 🏦 | G5: ⭐ | H5: 0 | K5: 104
B6: Mayte | D6: 2 | H6: 6 | K6: 104
B7: Atilio | D7: 3 | E7: 104 | F7: _xDCB3_💳 | G7: ⭐ | H7: 0 | K7: 104
B8: Raul | D8: 4 | E8: 104 | F8: 💵 | G8: ⭐ | H8: =121-E8 -> 17 | K8: 104
B9: Arturo | D9: 5 | E9: 104 | F9: _xDCB3_💳 | G9: ⭐ | H9: =208-E9 -> 104 | K9: 104
B10: HUGO | D10: 6 | H10: 0
B11: Sra. Carmen | D11: 7 | E11: 104 | F11: 💵 | G11: ⭐ | H11: 112 | K11: 104
B12: Jobe | D12: 8 | E12: 104 | F12: _xDCB3_💳 | G12: ⭐ | H12: 0 | K12: 104
B13: Martha | D13: 9 | H13: 0
B14: Scott | D14: 10 | E14: 104 | F14: 💵 | G14: ⭐ | H14: =105-E14 -> 1 | K14: 104
B15: Sandra | D15: 11 | E15: 104 | F15: _xDCB3_💳 | G15: ⭐ | H15: 0 | K15: 104
B16: Sebastian | D16: 12 | E16: 104 | F16: _xDCB3_💳 | G16: ⭐ | H16: 0 | K16: 104

Sheet Abril 25
D2: Agua Abril | K2: Saldo
D4: Dep | H4: A favor | K4: 968 | L4: Anterior | M4: Actual
B5: Carlos Retes | D5: 1 | E5: 96.8 | F5: 🏦 | G5: ⭐ | H5: 0 | K5: 96.8
B6: Mayte | D6: 2 | E6: 96.8 | F6: 💵 | G6: ⭐ | H6: =6+100-E6 -> 9.2 | K6: 96.8
B7: Atilio | D7: 3 | E7: 96.8 | F7: _xDCB3_💳 | G7: ⭐ | H7: 0 | K7: 96.8
B8: Raul | D8: 4 | E8: 96.8 | F8: 💵 | G8: ⭐ | H8: =17+500-E8 -> 420.2 | K8: 96.8
B9: Arturo | D9: 5 | E9: 96.8 | F9: _xDCB3_💳 | G9: ⭐ | H9: =104-E9 -> 7.2 | K9: 96.8
B10: HUGO | D10: 6 | H10: 0
B11: Sra. Carmen | D11: 7 | E11: 96.8 | F11: 💵 | G11: ⭐ | H11: =112+200-E11 -> 215.2 | K11: 96.8
B12: Jobe | D12: 8 | E12: 96.8 | F12: _xDCB3_💳 | G12: ⭐ | H12: 0 | K12: 96.8
B13: Martha | D13: 9 | H13: 0
B14: Scott | D14: 10 | H14: 1 | K14: 96.8
B15: Sandra | D15: 11 | E15: 96.8 | F15: _xDCB3_💳 | G15: ⭐ | H15: 0 | K15: 96.8
B16: Sebastian | D16: 12 | E16: 96.8 | F16: _xDCB3_💳 | G16: ⭐ | H16: 0 | K16: 96.8

Sheet Mayo 25
D2: Agua y Luz Mayo | K2: Saldo
D4: Dep | H4: A favor | K4: 1038 | L4: Anterior | M4: Actual
B5: Carlos Retes | D5: 1 | E5: 115 | F5: 🏦 | G5: ⭐ | H5: 0 | K5: 115
B6: Mayte | D6: 2 | E6: 115 | F6: 💵 | G6: ⭐ | H6: 9.2 | K6: 115
B7: Atilio | D7: 3 | E7: 115 | F7: _xDCB3_💳 | G7: ⭐ | H7: 0 | K7: 115
B8: Raul | D8: 4 | E8: 115 | F8: 💵 | G8: ⭐ | H8: =420.2-E8 -> 305.2 | K8: 115
B9: Edith | D9: 5 | H9: 7.2
B10: HUGO | D10: 6 | H10: 0
B11: Sra. Carmen | D11: 7 | E11: 115 | F11: 💵 | G11: ⭐ | H11: =215-E11 -> 100 | K11: 115
B12: Jobe | D12: 8 | E12: 115 | F12: _xDCB3_💳 | G12: ⭐ | H12: 0 | K12: 115
B13: Martha | D13: 9 | H13: 0
B14: Scott | D14: 10 | E14: 211 | F14: _xDCB3_💳 | G14: ⭐ | H14: 1 | K14: =115+96.8 -> 211.8
B15: Sandra | D15: 11 | E15: 115 | F15: _xDCB3_💳 | G15: ⭐ | H15: 0 | K15: 115
B16: Sebastian y Ximena | D16: 12 | E16: 115 | F16: _xDCB3_💳 | G16: ⭐ | H16: 0 | K16: 115

Sheet JUNIO 25
D2: Agua Junio | K2: Saldo
D4: Dep | H4: A favor | K4: 932 | L4: Anterior | M4: Actual
B5: Carlos Retes | D5: 1 | E5: 84.72 | F5: 🏦 | G5: ⭐ | H5: 0 | K5: 84.72
B6: Mayte | D6: 2 | E6: 84.72 | F6: _xDCB3_💳 | G6: ⭐ | H6: 9.2 | K6: 84.72 | O6: Hablarle a un herrero
B7: Atilio | D7: 3 | E7: 84.72 | F7: _xDCB3_💳 | G7: ⭐ | H7: 0 | K7: 84.72 | O7: Ver lo de los pisos
B8: Raul | D8: 4 | E8: 84.72 | F8: 💵 | G8: ⭐ | H8: =305-E8 -> 220.28 | K8: 84.72 | O8: Servicio cisterna
B9: Edith | D9: 5 | E9: 84.72 | F9: 🏦 | G9: ⭐ | K9: 84.72 | O9: Puerta de lamina electrico
B10: Juan Carlos | D10: 6 | E10: 84.72 | F10: _xDCB3_💳 | G10: ⭐ | H10: 0 | K10: 84.72 | O10: Cabecera
B11: Sra. Carmen | D11: 7 | E11: 84.72 | F11: 💵 | G11: ⭐ | H11: =100-E11 -> 15.28 | K11: 84.72 | O11: Pintar el departamento
B12: Jobe | D12: 8 | E12: 84.72 | F12: _xDCB3_💳 | G12: ⭐ | H12: 0 | K12: 84.72
B13: Martha | D13: 9 | H13: 0 | K13: 84.72
B14: Scott | D14: 10 | K14: 84.72
B15: Sandra | D15: 11 | E15: 84.72 | F15: _xDCB3_💳 | G15: ⭐ | H15: 0 | K15: 84.72
B16: Sebastian y Ximena | D16: 12 | E16: 84.72 | F16: _xDCB3_💳 | G16: ⭐ | H16: 0 | K16: 84.72

Sheet JULIO 25
D2: Agua y Luz Julio | K2: Saldo
D4: Dep | H4: A favor | K4: =995+69 -> 1064 | L4: Anterior | M4: Actual
B5: Carlos Retes | D5: 1 | E5: 96.727273 | F5: 🏦 | G5: ⭐ | H5: 0 | K5: 96.727273
B6: Mayte | D6: 2 | E6: 96.727273 | H6: 9.2 | K6: 96.727273 | O6: Hablarle a un herrero
B7: Atilio | D7: 3 | E7: 96.727273 | F7: _xDCB3_💳 | G7: ⭐ | H7: 0 | K7: 96.727273 | O7: Ver lo de los pisos
B8: Raul | D8: 4 | E8: 96.727273 | F8: 💵 | G8: ⭐ | H8: =220-E8 -> 123.27273 | K8: 96.727273 | O8: Servicio cisterna
B9: Edith | D9: 5 | E9: 96.727273 | F9: _xDCB3_💳 | G9: ⭐ | K9: 96.727273 | O9: Puerta de lamina electrico
B10: Juan Carlos | D10: 6 | E10: 96.727273 | F10: _xDCB3_💳 | G10: ⭐ | H10: 0 | K10: 96.727273 | O10: Cabecera
B11: Sra. Carmen | D11: 7 | E11: 96.73 | F11: 💵 | G11: ⭐ | H11: =215-E11 -> 118.27 | K11: 96.727273 | O11: Pintar el departamento
B12: Jobe | D12: 8 | E12: 96.73 | H12: 0 | K12: 96.727273
B13: Martha | D13: 9 | H13: 0 | K13: 96.727273
B14: Scott | D14: 10 | E14: 181 | F14: _xDCB3_💳 | G14: ⭐ | H14: -84 | K14: 96.727273
B15: Sandra | D15: 11 | H15: 0 | K15: 96.727273
B16: Sebastian y Ximena | D16: 12 | E16: 96.73 | H16: 0 | K16: 96.727273

Sheet Agosto 2025
D2: Agua Agosto | K2: Saldo
D4: Dep | H4: A favor | K4: 998 | L4: Anterior | M4: Actual
B5: Carlos Retes | D5: 1 | E5: 90.727273 | F5: 🏦 | G5: ⭐ | H5: 0 | K5: =K4/11 -> 90.727273
B6: Mayte | D6: 2 | H6: 9.2 | K6: 90.727273 | O6: Hablarle a un herrero
B7: Atilio | D7: 3 | E7: 90.727273 | F7: _xDCB3_💳 | G7: ⭐ | H7: 0 | K7: 90.727273 | O7: Ver lo de los pisos
B8: Raul | D8: 4 | E8: 90.727273 | F8: 💵 | G8: ⭐ | H8: 532.54 | K8: 90.727273 | O8: Servicio cisterna
B9: Edith | D9: 5 | E9: 90.727273 | F9: _xDCB3_💳 | G9: ⭐ | H9: 0 | K9: 90.727273 | O9: Puerta de lamina electrico
B10: Juan Carlos | D10: 6 | E10: 90.727273 | F10: _xDCB3_💳 | G10: ⭐ | H10: 90.73 | K10: 90.727273 | O10: Cabecera
B11: Sra. Carmen | D11: 7 | E11: 90.727273 | F11: 💵 | G11: ⭐ | H11: =118.27-E11 -> 27.542727 | K11: 90.727273 | O11: Pintar el departamento
B12: Jobe | D12: 8 | E12: 90.727273 | F12: _xDCB3_💳 | G12: ⭐ | H12: 0 | K12: 90.727273
B13: Martha | D13: 9 | H13: 0 | K13: 90.727273
B14: Scott | D14: 10 | E14: 90.727273 | F14: _xDCB3_💳 | G14: ⭐ | H14: 0 | K14: 90.727273
B15: Sandra | D15: 11 | H15: 0 | K15: 90.727273
B16: Sebastian y Ximena | D16: 12 | E16: 90.727273 | F16: _xDCB3_💳 | G16: ⭐ | H16: 0 | K16: 90.727273

Sheet Septiembre 2025
D2: Agua y Luz Septiembre | K2: Saldo
D4: Dep | H4: Saldo | K4: =1039+73 -> 1112 | L4: Anterior | M4: Actual
B5: Carlos Retes | D5: 1 | E5: 101.09091 | F5: 🏦 | G5: ⭐ | K5: =K4/11 -> 101.09091
B6: Mayte | D6: 2 | E6: 182.62 | F6: _xDCB3_💳 | G6: ⭐ | K6: 101.09091 | O6: Hablarle a un herrero
B7: Atilio | D7: 3 | E7: 182.62 | F7: _xDCB3_💳 | G7: ⭐ | K7: 101.09091 | O7: Ver lo de los pisos
B8: Raul | D8: 4 | E8: 101.09091 | F8: 💵 | G8: ⭐ | H8: =532.54-E8 -> 431.44909 | K8: 101.09091 | O8: Servicio cisterna
B9: Edith | D9: 5 | E9: 101.09091 | F9: _xDCB3_💳 | G9: ⭐ | K9: 101.09091 | O9: Puerta de lamina electrico
B10: Juan Carlos | D10: 6 | E10: 90.73 | F10: _xDCB3_💳 | G10: ⭐ | H10: -10.36 | K10: 101.09091 | O10: Cabecera
B11: Sra. Carmen | D11: 7 | E11: 101.09 | F11: 💵 | G11: ⭐ | H11: =327.54-E11 -> 226.45 | K11: 101.09091 | O11: Pintar el departamento
B12: Jobe | D12: 8 | E12: 101.09 | F12: _xDCB3_💳 | G12: ⭐ | K12: 101.09091
B13: Martha | D13: 9 | K13: 101.09091
B14: Scott | D14: 10 | E14: 102 | F14: _xDCB3_💳 | G14: ⭐ | K14: 101.09091
B15: Sandra | D15: 11 | E15: 191.82 | F15: _xDCB3_💳 | G15: ⭐ | H15: =300-E15 -> 108.18 | K15: 101.09091
B16: Sebastian y Ximena | D16: 12 | K16: 101.09091
D21: 2 | E21: 182.62
D22: 6 | E22: 10.36
D23: 7 | E23: 73.55
D24: 11 | E24: 191.82

Sheet Octubre 2025
D2: Agua Octubre | K2: Saldo
D4: Dep | H4: Saldo | K4: 1079 | L4: Anterior | M4: Actual
B5: Carlos Retes | D5: 1 | E5: 98.090909 | F5: 🏦 | G5: ⭐ | K5: =K4/11 -> 98.090909
B6: Mayte | D6: 2 | H6: =-'Noviembre 2025'!H6-98 -> -195 | K6: 98.090909 | O6: Hablarle a un herrero
B7: Atilio | D7: 3 | E7: 98.090909 | F7: _xDCB3_💳 | G7: ⭐ | K7: 98.090909 | O7: Ver lo de los pisos
B8: Raul | D8: 4 | E8: 98.090909 | F8: 💵 | G8: ⭐ | H8: =431.449090909091-E8 -> 333.35818 | K8: 98.090909 | O8: Servicio cisterna
B9: Edith | D9: 5 | E9: 98.090909 | F9: _xDCB3_💳 | G9: ⭐ | K9: 98.090909 | O9: Puerta de lamina electrico
B10: Juan Carlos | D10: 6 | H10: 108.36 | K10: 98.090909 | O10: Cabecera
B11: Sra. Carmen | D11: 7 | E11: 98.090909 | F11: 💵 | G11: ⭐ | H11: =226.45-E11 -> 128.35909 | K11: 98.090909 | O11: Pintar el departamento
B12: Jobe | D12: 8 | E12: 98.090909 | F12: _xDCB3_💳 | G12: ⭐ | K12: 98.090909
B13: Martha | D13: 9
B14: Paula | D14: 10 | E14: 98.090909 | F14: _xDCB3_💳 | G14: ⭐ | K14: 98.090909
B15: Sandra | D15: 11 | E15: 98.090909 | F15: _xDCB3_💳 | G15: ⭐ | H15: =108.18-E15 -> 10.089091 | K15: 98.090909
B16: Sebastian y Ximena | D16: 12 | E16: 200 | F16: _xDCB3_💳 | G16: ⭐ | K16: 98.090909
D21: 2 | E21: 182.62
D22: 6 | E22: 10.36
D23: 7 | E23: 73.55
D24: 11 | E24: 191.82

Sheet Noviembre 2025
D2: Agua y Luz Noviembre | K2: Saldo
D4: Dep | H4: Saldo | K4: =1070+79 -> 1149 | L4: Anterior | M4: Actual
B5: Carlos Retes | D5: 1 | E5: 104.45455 | F5: 🏦 | G5: ⭐ | K5: =K4/11 -> 104.45455
B6: Mayte | D6: 2 | E6: 104.45455 | F6: _xDCB3_💳 | G6: ⭐ | H6: 97 | K6: 104.45455 | O6: Hablarle a un herrero
B7: Atilio | D7: 3 | K7: 104.45455 | O7: Ver lo de los pisos
B8: Raul | D8: 4 | E8: 104.45455 | F8: 💵 | G8: ⭐ | H8: =333.358181818182-E8 -> 228.90364 | K8: 104.45455 | O8: Servicio cisterna
B9: Edith | D9: 5 | E9: 104.45455 | F9: _xDCB3_💳 | G9: ⭐ | K9: 104.45455 | O9: Puerta de lamina electrico
B10: Juan Carlos | D10: 6 | E10: 104.45455 | F10: _xDCB3_💳 | G10: ⭐ | K10: 104.45455 | O10: Cabecera
B11: Sra. Carmen | D11: 7 | E11: 104.45455 | F11: 💵 | G11: ⭐ | H11: =128.359090909091-E11 -> 23.904545 | K11: 104.45455 | O11: Pintar el departamento
B12: Jobe | D12: 8 | K12: 104.45455
B13: Martha | D13: 9
B14: Paula | D14: 10 | E14: 104.45455 | F14: _xDCB3_💳 | G14: ⭐ | K14: 104.45455
B15: Sandra | D15: 11 | E15: 104.45455 | F15: _xDCB3_💳 | G15: ⭐ | H15: 55.55 | K15: 104.45455
B16: Sebastian y Ximena | D16: 12 | K16: 104.45455
O17: =300-202.45 -> 97.55

Sheet Diciembre 2025
D2: Agua Diciembre | K2: Saldo
D4: Dep | H4: Saldo | K4: 1047 | L4: Anterior | M4: Actual
B5: Carlos Retes | D5: 1 | E5: 95 | F5: 🏦 | G5: ⭐ | K5: 95
B6: Mayte | D6: 2 | E6: 95 | F6: _xDCB3_💳 | G6: ⭐ | H6: 2 | K6: 95 | O6: Hablarle a un herrero
B7: Atilio | D7: 3 | E7: 95 | F7: _xDCB3_💳 | G7: ⭐ | K7: 95 | O7: Ver lo de los pisos
B8: Raul | D8: 4 | E8: 95 | F8: 💵 | G8: ⭐ | H8: =133+500 -> 633 | K8: 95 | O8: Servicio cisterna
B9: Edith | D9: 5 | E9: 95 | F9: _xDCB3_💳 | G9: ⭐ | K9: 95 | O9: Puerta de lamina electrico
B10: Juan Carlos | D10: 6 | E10: 95 | F10: 💵 | G10: ⭐ | H10: 5 | K10: 95 | O10: Cabecera
B11: Sra. Carmen | D11: 7 | E11: 95 | F11: 💵 | G11: ⭐ | H11: =300-E11 -> 205 | K11: 95 | O11: Pintar el departamento
B12: Jobe | D12: 8 | E12: 95 | F12: _xDCB3_💳 | G12: ⭐ | K12: 95
B13: Martha | D13: 9
B14: Paula | D14: 10 | E14: 95 | F14: _xDCB3_💳 | G14: ⭐ | K14: 95
B15: Sandra | D15: 11 | E15: 95 | F15: _xDCB3_💳 | G15: ⭐ | H15: =55.55+150-E15 -> 110.55 | K15: 95
B16: Sebastian y Ximena | D16: 12 | E16: 95 | F16: _xDCB3_💳 | G16: ⭐ | K16: 95

Sheet Enero 2026
D2: Agua y Luz Enero 2026 | K2: Saldo
D4: Dep | H4: Saldo | K4: =1013+81 -> 1094 | L4: Anterior | M4: Actual
B5: Carlos Retes | D5: 1 | E5: 99.45 | F5: 🏦 | G5: ⭐ | K5: 99.45
B6: Mayte | D6: 2 | E6: 99.45 | F6: 💵 | G6: ⭐ | H6: 2 | K6: 99.45 | O6: Hablarle a un herrero
B7: Atilio | D7: 3 | E7: 99.45 | F7: _xDCB3_💳 | G7: ⭐ | K7: 99.45 | O7: Ver lo de los pisos
B8: Raul | D8: 4 | E8: 99.45 | F8: 💵 | G8: ⭐ | H8: =633-E8 -> 533.55 | K8: 99.45 | O8: Servicio cisterna
B9: Edith | D9: 5 | E9: 99.45 | F9: _xDCB3_💳 | G9: ⭐ | K9: 99.45 | O9: Puerta de lamina electrico
B10: Juan Carlos | D10: 6 | E10: 99.45 | F10: _xDCB3_💳 | G10: ⭐ | H10: 5 | K10: 99.45 | O10: Cabecera
B11: Sra. Carmen | D11: 7 | E11: 99.45 | F11: 💵 | G11: ⭐ | H11: =205-E11 -> 105.55 | K11: 99.45 | O11: Pintar el departamento
B12: Jobe | D12: 8 | E12: 99.45 | F12: _xDCB3_💳 | G12: ⭐ | K12: 99.45
B13: Martha | D13: 9
B14: Paula | D14: 10 | E14: 99.45 | F14: _xDCB3_💳 | G14: ⭐ | K14: 99.45
B15: Sandra | D15: 11 | E15: 99.45 | F15: _xDCB3_💳 | G15: ⭐ | H15: =110.55-E15 -> 11.1 | K15: 99.45
B16: Sebastian y Ximena | D16: 12 | K16: 99.45

Sheet Febrero 2026
D2: Agua Febrero 2026 | K2: Saldo
D4: Dep | H4: Saldo | K4: 1043 | L4: Anterior | M4: Actual
B5: Carlos Retes | D5: 1 | E5: 94.818182 | F5: 🏦 | G5: ⭐ | K5: =K4/11 -> 94.818182
B6: Mayte | D6: 2 | E6: 94.818182 | H6: 2 | K6: 94.818182 | O6: Hablarle a un herrero
B7: Atilio | D7: 3 | K7: 94.818182 | O7: Ver lo de los pisos
B8: Raul | D8: 4 | E8: 94.818182 | F8: 💵 | G8: ⭐ | H8: =533.55-E8 -> 438.73182 | K8: 94.818182 | O8: Servicio cisterna
B9: Edith | D9: 5 | E9: 94.818182 | F9: _xDCB3_💳 | G9: ⭐ | K9: 94.818182 | O9: Puerta de lamina electrico
B10: Juan Carlos | D10: 6 | E10: 94.818182 | F10: _xDCB3_💳 | G10: ⭐ | H10: 5 | K10: 94.818182 | O10: Cabecera
B11: Sra. Carmen | D11: 7 | E11: 94.818182 | F11: _xDCB3_💳 | G11: ⭐ | H11: =105.55-E11 -> 10.731818 | K11: 94.818182 | O11: Pintar el departamento
B12: Jobe | D12: 8 | E12: 94.818182 | F12: _xDCB3_💳 | G12: ⭐ | K12: 94.818182
B13: Martha | D13: 9
B14: Paula | D14: 10 | E14: 94.818182 | F14: _xDCB3_💳 | G14: ⭐ | K14: 94.818182
B15: Sandra | D15: 11 | E15: 94.818182 | F15: _xDCB3_💳 | G15: ⭐ | H15: 16.18 | K15: 94.818182
B16: Sebastian y Ximena | D16: 12 | H16: -94.82 | K16: 94.818182
